Word Length, Fractional Bits, Prediction phase, avg Prediction accuracy, min Prediction accuracy, avg w1, avg b1, avg w2, avg b2, avg w2, avg b3, min w1, min b1, min w2, min b2, min w2, min b3
8, 4, 0.104, 0.0796159, -0.569018, 0.977019, 0.983465, 0.97448, 0.982667, 0.905685, 0.971917, 0.942471, 0.983465, 0.925246, 0.982667, 0.817462, 0.971917
8, 5, 0.104, 0.0984182, -0.29286, 0.977019, 0.983465, 0.97448, 0.982667, 0.905685, 0.971917, 0.942471, 0.983465, 0.925246, 0.982667, 0.817462, 0.971917
8, 6, 0.104, -0.0835873, -0.474714, 0.977019, 0.983465, 0.97448, 0.982667, 0.905685, 0.971917, 0.942471, 0.983465, 0.925246, 0.982667, 0.817462, 0.971917
10, 4, 0.602, 0.746967, -0.0942174, 0.977019, 0.983465, 0.97448, 0.982667, 0.905685, 0.971917, 0.942471, 0.983465, 0.925246, 0.982667, 0.817462, 0.971917
10, 5, 0.226, 0.163858, -0.310818, 0.977019, 0.983465, 0.97448, 0.982667, 0.905685, 0.971917, 0.942471, 0.983465, 0.925246, 0.982667, 0.817462, 0.971917
10, 6, 0.104, 0.0837632, -0.21544, 0.977019, 0.983465, 0.97448, 0.982667, 0.905685, 0.971917, 0.942471, 0.983465, 0.925246, 0.982667, 0.817462, 0.971917
10, 7, 0.104, 0.0999027, -0.242406, 0.977019, 0.983465, 0.97448, 0.982667, 0.905685, 0.971917, 0.942471, 0.983465, 0.925246, 0.982667, 0.817462, 0.971917
12, 4, 0.78, 0.875994, -0.41688, 0.977019, 0.983465, 0.97448, 0.982667, 0.905685, 0.971917, 0.942471, 0.983465, 0.925246, 0.982667, 0.817462, 0.971917
12, 5, 0.814, 0.964219, 0.737751, 0.977019, 0.983465, 0.97448, 0.982667, 0.905685, 0.971917, 0.942471, 0.983465, 0.925246, 0.982667, 0.817462, 0.971917
12, 6, 0.602, 0.746967, -0.0942174, 0.977019, 0.983465, 0.97448, 0.982667, 0.905685, 0.971917, 0.942471, 0.983465, 0.925246, 0.982667, 0.817462, 0.971917
12, 7, 0.226, 0.163858, -0.310818, 0.977019, 0.983465, 0.97448, 0.982667, 0.905685, 0.971917, 0.942471, 0.983465, 0.925246, 0.982667, 0.817462, 0.971917
12, 8, 0.104, 0.0837632, -0.21544, 0.977019, 0.983465, 0.97448, 0.982667, 0.905685, 0.971917, 0.942471, 0.983465, 0.925246, 0.982667, 0.817462, 0.971917
12, 9, 0.104, 0.0999027, -0.242406, 0.977019, 0.983465, 0.97448, 0.982667, 0.905685, 0.971917, 0.942471, 0.983465, 0.925246, 0.982667, 0.817462, 0.971917
14, 4, 0.674, 0.71964, -0.720924, 0.977019, 0.983465, 0.97448, 0.982667, 0.905685, 0.971917, 0.942471, 0.983465, 0.925246, 0.982667, 0.817462, 0.971917
14, 5, 0.882, 0.992385, 0.163337, 0.977019, 0.983465, 0.97448, 0.982667, 0.905685, 0.971917, 0.942471, 0.983465, 0.925246, 0.982667, 0.817462, 0.971917
14, 6, 0.876, 0.990338, 0.929326, 0.977019, 0.983465, 0.97448, 0.982667, 0.905685, 0.971917, 0.942471, 0.983465, 0.925246, 0.982667, 0.817462, 0.971917
14, 7, 0.814, 0.964219, 0.737751, 0.977019, 0.983465, 0.97448, 0.982667, 0.905685, 0.971917, 0.942471, 0.983465, 0.925246, 0.982667, 0.817462, 0.971917
14, 8, 0.602, 0.746967, -0.0942174, 0.977019, 0.983465, 0.97448, 0.982667, 0.905685, 0.971917, 0.942471, 0.983465, 0.925246, 0.982667, 0.817462, 0.971917
14, 9, 0.226, 0.163858, -0.310818, 0.977019, 0.983465, 0.97448, 0.982667, 0.905685, 0.971917, 0.942471, 0.983465, 0.925246, 0.982667, 0.817462, 0.971917
14, 10, 0.104, 0.0837632, -0.21544, 0.977019, 0.983465, 0.97448, 0.982667, 0.905685, 0.971917, 0.942471, 0.983465, 0.925246, 0.982667, 0.817462, 0.971917
16, 4, 0.648, 0.687293, -0.736119, 0.977019, 0.983465, 0.97448, 0.982667, 0.905685, 0.971917, 0.942471, 0.983465, 0.925246, 0.982667, 0.817462, 0.971917
16, 5, 0.896, 0.994174, 0.257687, 0.977019, 0.983465, 0.97448, 0.982667, 0.905685, 0.971917, 0.942471, 0.983465, 0.925246, 0.982667, 0.817462, 0.971917
16, 6, 0.9, 0.999275, 0.996137, 0.977019, 0.983465, 0.97448, 0.982667, 0.905685, 0.971917, 0.942471, 0.983465, 0.925246, 0.982667, 0.817462, 0.971917
16, 7, 0.888, 0.997191, 0.984715, 0.977019, 0.983465, 0.97448, 0.982667, 0.905685, 0.971917, 0.942471, 0.983465, 0.925246, 0.982667, 0.817462, 0.971917
16, 8, 0.876, 0.990338, 0.929326, 0.977019, 0.983465, 0.97448, 0.982667, 0.905685, 0.971917, 0.942471, 0.983465, 0.925246, 0.982667, 0.817462, 0.971917
16, 9, 0.814, 0.964219, 0.737751, 0.977019, 0.983465, 0.97448, 0.982667, 0.905685, 0.971917, 0.942471, 0.983465, 0.925246, 0.982667, 0.817462, 0.971917
16, 10, 0.602, 0.746967, -0.0942174, 0.977019, 0.983465, 0.97448, 0.982667, 0.905685, 0.971917, 0.942471, 0.983465, 0.925246, 0.982667, 0.817462, 0.971917
16, 11, 0.226, 0.163858, -0.310818, 0.977019, 0.983465, 0.97448, 0.982667, 0.905685, 0.971917, 0.942471, 0.983465, 0.925246, 0.982667, 0.817462, 0.971917
16, 12, 0.104, 0.0837632, -0.21544, 0.977019, 0.983465, 0.97448, 0.982667, 0.905685, 0.971917, 0.942471, 0.983465, 0.925246, 0.982667, 0.817462, 0.971917
18, 4, 0.644, 0.679063, -0.730537, 0.977019, 0.983465, 0.97448, 0.982667, 0.905685, 0.971917, 0.942471, 0.983465, 0.925246, 0.982667, 0.817462, 0.971917
18, 5, 0.898, 0.994506, 0.275243, 0.977019, 0.983465, 0.97448, 0.982667, 0.905685, 0.971917, 0.942471, 0.983465, 0.925246, 0.982667, 0.817462, 0.971917
18, 6, 0.898, 0.999954, 0.999727, 0.977019, 0.983465, 0.97448, 0.982667, 0.905685, 0.971917, 0.942471, 0.983465, 0.925246, 0.982667, 0.817462, 0.971917
18, 7, 0.9, 0.999816, 0.998935, 0.977019, 0.983465, 0.97448, 0.982667, 0.905685, 0.971917, 0.942471, 0.983465, 0.925246, 0.982667, 0.817462, 0.971917
18, 8, 0.9, 0.999275, 0.996137, 0.977019, 0.983465, 0.97448, 0.982667, 0.905685, 0.971917, 0.942471, 0.983465, 0.925246, 0.982667, 0.817462, 0.971917
18, 9, 0.888, 0.997191, 0.984715, 0.977019, 0.983465, 0.97448, 0.982667, 0.905685, 0.971917, 0.942471, 0.983465, 0.925246, 0.982667, 0.817462, 0.971917
18, 10, 0.876, 0.990338, 0.929326, 0.977019, 0.983465, 0.97448, 0.982667, 0.905685, 0.971917, 0.942471, 0.983465, 0.925246, 0.982667, 0.817462, 0.971917
18, 11, 0.814, 0.964219, 0.737751, 0.977019, 0.983465, 0.97448, 0.982667, 0.905685, 0.971917, 0.942471, 0.983465, 0.925246, 0.982667, 0.817462, 0.971917
18, 12, 0.602, 0.746967, -0.0942174, 0.977019, 0.983465, 0.97448, 0.982667, 0.905685, 0.971917, 0.942471, 0.983465, 0.925246, 0.982667, 0.817462, 0.971917
18, 13, 0.226, 0.163858, -0.310818, 0.977019, 0.983465, 0.97448, 0.982667, 0.905685, 0.971917, 0.942471, 0.983465, 0.925246, 0.982667, 0.817462, 0.971917
20, 4, 0.64, 0.674411, -0.729124, 0.977019, 0.983465, 0.97448, 0.982667, 0.905685, 0.971917, 0.942471, 0.983465, 0.925246, 0.982667, 0.817462, 0.971917
20, 5, 0.896, 0.992825, 0.136751, 0.977019, 0.983465, 0.97448, 0.982667, 0.905685, 0.971917, 0.942471, 0.983465, 0.925246, 0.982667, 0.817462, 0.971917
20, 6, 0.9, 0.999999, 0.999982, 0.977019, 0.983465, 0.97448, 0.982667, 0.905685, 0.971917, 0.942471, 0.983465, 0.925246, 0.982667, 0.817462, 0.971917
20, 7, 0.9, 0.999991, 0.999926, 0.977019, 0.983465, 0.97448, 0.982667, 0.905685, 0.971917, 0.942471, 0.983465, 0.925246, 0.982667, 0.817462, 0.971917
20, 8, 0.898, 0.999954, 0.999727, 0.977019, 0.983465, 0.97448, 0.982667, 0.905685, 0.971917, 0.942471, 0.983465, 0.925246, 0.982667, 0.817462, 0.971917
20, 9, 0.9, 0.999816, 0.998935, 0.977019, 0.983465, 0.97448, 0.982667, 0.905685, 0.971917, 0.942471, 0.983465, 0.925246, 0.982667, 0.817462, 0.971917
20, 10, 0.9, 0.999275, 0.996137, 0.977019, 0.983465, 0.97448, 0.982667, 0.905685, 0.971917, 0.942471, 0.983465, 0.925246, 0.982667, 0.817462, 0.971917
20, 11, 0.888, 0.997191, 0.984715, 0.977019, 0.983465, 0.97448, 0.982667, 0.905685, 0.971917, 0.942471, 0.983465, 0.925246, 0.982667, 0.817462, 0.971917
20, 12, 0.876, 0.990338, 0.929326, 0.977019, 0.983465, 0.97448, 0.982667, 0.905685, 0.971917, 0.942471, 0.983465, 0.925246, 0.982667, 0.817462, 0.971917
20, 13, 0.814, 0.964219, 0.737751, 0.977019, 0.983465, 0.97448, 0.982667, 0.905685, 0.971917, 0.942471, 0.983465, 0.925246, 0.982667, 0.817462, 0.971917
20, 14, 0.602, 0.746967, -0.0942174, 0.977019, 0.983465, 0.97448, 0.982667, 0.905685, 0.971917, 0.942471, 0.983465, 0.925246, 0.982667, 0.817462, 0.971917
20, 15, 0.226, 0.163858, -0.310818, 0.977019, 0.983465, 0.97448, 0.982667, 0.905685, 0.971917, 0.942471, 0.983465, 0.925246, 0.982667, 0.817462, 0.971917
22, 4, 0.64, 0.674605, -0.728756, 0.977019, 0.983465, 0.97448, 0.982667, 0.905685, 0.971917, 0.942471, 0.983465, 0.925246, 0.982667, 0.817462, 0.971917
22, 5, 0.896, 0.992837, 0.138144, 0.977019, 0.983465, 0.97448, 0.982667, 0.905685, 0.971917, 0.942471, 0.983465, 0.925246, 0.982667, 0.817462, 0.971917
22, 6, 0.9, 1, 0.999999, 0.977019, 0.983465, 0.97448, 0.982667, 0.905685, 0.971917, 0.942471, 0.983465, 0.925246, 0.982667, 0.817462, 0.971917
22, 7, 0.9, 1, 0.999996, 0.977019, 0.983465, 0.97448, 0.982667, 0.905685, 0.971917, 0.942471, 0.983465, 0.925246, 0.982667, 0.817462, 0.971917
22, 8, 0.9, 0.999999, 0.999982, 0.977019, 0.983465, 0.97448, 0.982667, 0.905685, 0.971917, 0.942471, 0.983465, 0.925246, 0.982667, 0.817462, 0.971917
22, 9, 0.9, 0.999991, 0.999926, 0.977019, 0.983465, 0.97448, 0.982667, 0.905685, 0.971917, 0.942471, 0.983465, 0.925246, 0.982667, 0.817462, 0.971917
22, 10, 0.898, 0.999954, 0.999727, 0.977019, 0.983465, 0.97448, 0.982667, 0.905685, 0.971917, 0.942471, 0.983465, 0.925246, 0.982667, 0.817462, 0.971917
22, 11, 0.9, 0.999816, 0.998935, 0.977019, 0.983465, 0.97448, 0.982667, 0.905685, 0.971917, 0.942471, 0.983465, 0.925246, 0.982667, 0.817462, 0.971917
22, 12, 0.9, 0.999275, 0.996137, 0.977019, 0.983465, 0.97448, 0.982667, 0.905685, 0.971917, 0.942471, 0.983465, 0.925246, 0.982667, 0.817462, 0.971917
22, 13, 0.888, 0.997191, 0.984715, 0.977019, 0.983465, 0.97448, 0.982667, 0.905685, 0.971917, 0.942471, 0.983465, 0.925246, 0.982667, 0.817462, 0.971917
22, 14, 0.876, 0.990338, 0.929326, 0.977019, 0.983465, 0.97448, 0.982667, 0.905685, 0.971917, 0.942471, 0.983465, 0.925246, 0.982667, 0.817462, 0.971917
22, 15, 0.814, 0.964219, 0.737751, 0.977019, 0.983465, 0.97448, 0.982667, 0.905685, 0.971917, 0.942471, 0.983465, 0.925246, 0.982667, 0.817462, 0.971917
22, 16, 0.602, 0.746967, -0.0942174, 0.977019, 0.983465, 0.97448, 0.982667, 0.905685, 0.971917, 0.942471, 0.983465, 0.925246, 0.982667, 0.817462, 0.971917
24, 4, 0.64, 0.674129, -0.728671, 0.977019, 0.983465, 0.97448, 0.982667, 0.905685, 0.971917, 0.942471, 0.983465, 0.925246, 0.982667, 0.817462, 0.971917
24, 5, 0.896, 0.99284, 0.13848, 0.977019, 0.983465, 0.97448, 0.982667, 0.905685, 0.971917, 0.942471, 0.983465, 0.925246, 0.982667, 0.817462, 0.971917
24, 6, 0.9, 1, 1, 0.977019, 0.983465, 0.97448, 0.982667, 0.905685, 0.971917, 0.942471, 0.983465, 0.925246, 0.982667, 0.817462, 0.971917
24, 7, 0.9, 1, 1, 0.977019, 0.983465, 0.97448, 0.982667, 0.905685, 0.971917, 0.942471, 0.983465, 0.925246, 0.982667, 0.817462, 0.971917
24, 8, 0.9, 1, 0.999999, 0.977019, 0.983465, 0.97448, 0.982667, 0.905685, 0.971917, 0.942471, 0.983465, 0.925246, 0.982667, 0.817462, 0.971917
24, 9, 0.9, 1, 0.999996, 0.977019, 0.983465, 0.97448, 0.982667, 0.905685, 0.971917, 0.942471, 0.983465, 0.925246, 0.982667, 0.817462, 0.971917
24, 10, 0.9, 0.999999, 0.999982, 0.977019, 0.983465, 0.97448, 0.982667, 0.905685, 0.971917, 0.942471, 0.983465, 0.925246, 0.982667, 0.817462, 0.971917
24, 11, 0.9, 0.999991, 0.999926, 0.977019, 0.983465, 0.97448, 0.982667, 0.905685, 0.971917, 0.942471, 0.983465, 0.925246, 0.982667, 0.817462, 0.971917
24, 12, 0.898, 0.999954, 0.999727, 0.977019, 0.983465, 0.97448, 0.982667, 0.905685, 0.971917, 0.942471, 0.983465, 0.925246, 0.982667, 0.817462, 0.971917
24, 13, 0.9, 0.999816, 0.998935, 0.977019, 0.983465, 0.97448, 0.982667, 0.905685, 0.971917, 0.942471, 0.983465, 0.925246, 0.982667, 0.817462, 0.971917
24, 14, 0.9, 0.999275, 0.996137, 0.977019, 0.983465, 0.97448, 0.982667, 0.905685, 0.971917, 0.942471, 0.983465, 0.925246, 0.982667, 0.817462, 0.971917
24, 15, 0.888, 0.997191, 0.984715, 0.977019, 0.983465, 0.97448, 0.982667, 0.905685, 0.971917, 0.942471, 0.983465, 0.925246, 0.982667, 0.817462, 0.971917
24, 16, 0.876, 0.990338, 0.929326, 0.977019, 0.983465, 0.97448, 0.982667, 0.905685, 0.971917, 0.942471, 0.983465, 0.925246, 0.982667, 0.817462, 0.971917
24, 17, 0.814, 0.964219, 0.737751, 0.977019, 0.983465, 0.97448, 0.982667, 0.905685, 0.971917, 0.942471, 0.983465, 0.925246, 0.982667, 0.817462, 0.971917
24, 18, 0.602, 0.746967, -0.0942174, 0.977019, 0.983465, 0.97448, 0.982667, 0.905685, 0.971917, 0.942471, 0.983465, 0.925246, 0.982667, 0.817462, 0.971917
26, 4, 0.64, 0.674142, -0.728649, 0.977019, 0.983465, 0.97448, 0.982667, 0.905685, 0.971917, 0.942471, 0.983465, 0.925246, 0.982667, 0.817462, 0.971917
26, 5, 0.896, 0.99284, 0.138562, 0.977019, 0.983465, 0.97448, 0.982667, 0.905685, 0.971917, 0.942471, 0.983465, 0.925246, 0.982667, 0.817462, 0.971917
26, 6, 0.9, 1, 1, 0.977019, 0.983465, 0.97448, 0.982667, 0.905685, 0.971917, 0.942471, 0.983465, 0.925246, 0.982667, 0.817462, 0.971917
26, 7, 0.9, 1, 1, 0.977019, 0.983465, 0.97448, 0.982667, 0.905685, 0.971917, 0.942471, 0.983465, 0.925246, 0.982667, 0.817462, 0.971917
26, 8, 0.9, 1, 1, 0.977019, 0.983465, 0.97448, 0.982667, 0.905685, 0.971917, 0.942471, 0.983465, 0.925246, 0.982667, 0.817462, 0.971917
26, 9, 0.9, 1, 1, 0.977019, 0.983465, 0.97448, 0.982667, 0.905685, 0.971917, 0.942471, 0.983465, 0.925246, 0.982667, 0.817462, 0.971917
26, 10, 0.9, 1, 0.999999, 0.977019, 0.983465, 0.97448, 0.982667, 0.905685, 0.971917, 0.942471, 0.983465, 0.925246, 0.982667, 0.817462, 0.971917
26, 11, 0.9, 1, 0.999996, 0.977019, 0.983465, 0.97448, 0.982667, 0.905685, 0.971917, 0.942471, 0.983465, 0.925246, 0.982667, 0.817462, 0.971917
26, 12, 0.9, 0.999999, 0.999982, 0.977019, 0.983465, 0.97448, 0.982667, 0.905685, 0.971917, 0.942471, 0.983465, 0.925246, 0.982667, 0.817462, 0.971917
26, 13, 0.9, 0.999991, 0.999926, 0.977019, 0.983465, 0.97448, 0.982667, 0.905685, 0.971917, 0.942471, 0.983465, 0.925246, 0.982667, 0.817462, 0.971917
26, 14, 0.898, 0.999954, 0.999727, 0.977019, 0.983465, 0.97448, 0.982667, 0.905685, 0.971917, 0.942471, 0.983465, 0.925246, 0.982667, 0.817462, 0.971917
26, 15, 0.9, 0.999816, 0.998935, 0.977019, 0.983465, 0.97448, 0.982667, 0.905685, 0.971917, 0.942471, 0.983465, 0.925246, 0.982667, 0.817462, 0.971917
26, 16, 0.9, 0.999275, 0.996137, 0.977019, 0.983465, 0.97448, 0.982667, 0.905685, 0.971917, 0.942471, 0.983465, 0.925246, 0.982667, 0.817462, 0.971917
26, 17, 0.888, 0.997191, 0.984715, 0.977019, 0.983465, 0.97448, 0.982667, 0.905685, 0.971917, 0.942471, 0.983465, 0.925246, 0.982667, 0.817462, 0.971917
26, 18, 0.876, 0.990338, 0.929326, 0.977019, 0.983465, 0.97448, 0.982667, 0.905685, 0.971917, 0.942471, 0.983465, 0.925246, 0.982667, 0.817462, 0.971917
26, 19, 0.814, 0.964219, 0.737751, 0.977019, 0.983465, 0.97448, 0.982667, 0.905685, 0.971917, 0.942471, 0.983465, 0.925246, 0.982667, 0.817462, 0.971917
28, 4, 0.64, 0.674145, -0.728643, 0.977019, 0.983465, 0.97448, 0.982667, 0.905685, 0.971917, 0.942471, 0.983465, 0.925246, 0.982667, 0.817462, 0.971917
28, 5, 0.896, 0.992841, 0.138583, 0.977019, 0.983465, 0.97448, 0.982667, 0.905685, 0.971917, 0.942471, 0.983465, 0.925246, 0.982667, 0.817462, 0.971917
28, 6, 0.9, 1, 1, 0.977019, 0.983465, 0.97448, 0.982667, 0.905685, 0.971917, 0.942471, 0.983465, 0.925246, 0.982667, 0.817462, 0.971917
28, 7, 0.9, 1, 1, 0.977019, 0.983465, 0.97448, 0.982667, 0.905685, 0.971917, 0.942471, 0.983465, 0.925246, 0.982667, 0.817462, 0.971917
28, 8, 0.9, 1, 1, 0.977019, 0.983465, 0.97448, 0.982667, 0.905685, 0.971917, 0.942471, 0.983465, 0.925246, 0.982667, 0.817462, 0.971917
28, 9, 0.9, 1, 1, 0.977019, 0.983465, 0.97448, 0.982667, 0.905685, 0.971917, 0.942471, 0.983465, 0.925246, 0.982667, 0.817462, 0.971917
28, 10, 0.9, 1, 1, 0.977019, 0.983465, 0.97448, 0.982667, 0.905685, 0.971917, 0.942471, 0.983465, 0.925246, 0.982667, 0.817462, 0.971917
28, 11, 0.9, 1, 1, 0.977019, 0.983465, 0.97448, 0.982667, 0.905685, 0.971917, 0.942471, 0.983465, 0.925246, 0.982667, 0.817462, 0.971917
28, 12, 0.9, 1, 0.999999, 0.977019, 0.983465, 0.97448, 0.982667, 0.905685, 0.971917, 0.942471, 0.983465, 0.925246, 0.982667, 0.817462, 0.971917
28, 13, 0.9, 1, 0.999996, 0.977019, 0.983465, 0.97448, 0.982667, 0.905685, 0.971917, 0.942471, 0.983465, 0.925246, 0.982667, 0.817462, 0.971917
28, 14, 0.9, 0.999999, 0.999982, 0.977019, 0.983465, 0.97448, 0.982667, 0.905685, 0.971917, 0.942471, 0.983465, 0.925246, 0.982667, 0.817462, 0.971917
28, 15, 0.9, 0.999991, 0.999926, 0.977019, 0.983465, 0.97448, 0.982667, 0.905685, 0.971917, 0.942471, 0.983465, 0.925246, 0.982667, 0.817462, 0.971917
28, 16, 0.898, 0.999954, 0.999727, 0.977019, 0.983465, 0.97448, 0.982667, 0.905685, 0.971917, 0.942471, 0.983465, 0.925246, 0.982667, 0.817462, 0.971917
28, 17, 0.9, 0.999816, 0.998935, 0.977019, 0.983465, 0.97448, 0.982667, 0.905685, 0.971917, 0.942471, 0.983465, 0.925246, 0.982667, 0.817462, 0.971917
28, 18, 0.9, 0.999275, 0.996137, 0.977019, 0.983465, 0.97448, 0.982667, 0.905685, 0.971917, 0.942471, 0.983465, 0.925246, 0.982667, 0.817462, 0.971917
28, 19, 0.888, 0.997191, 0.984715, 0.977019, 0.983465, 0.97448, 0.982667, 0.905685, 0.971917, 0.942471, 0.983465, 0.925246, 0.982667, 0.817462, 0.971917
28, 20, 0.876, 0.990338, 0.929326, 0.977019, 0.983465, 0.97448, 0.982667, 0.905685, 0.971917, 0.942471, 0.983465, 0.925246, 0.982667, 0.817462, 0.971917
28, 21, 0.814, 0.964219, 0.737751, 0.977019, 0.983465, 0.97448, 0.982667, 0.905685, 0.971917, 0.942471, 0.983465, 0.925246, 0.982667, 0.817462, 0.971917
30, 4, 0.64, 0.674146, -0.728642, 0.977019, 0.983465, 0.97448, 0.982667, 0.905685, 0.971917, 0.942471, 0.983465, 0.925246, 0.982667, 0.817462, 0.971917
30, 5, 0.896, 0.992841, 0.138588, 0.977019, 0.983465, 0.97448, 0.982667, 0.905685, 0.971917, 0.942471, 0.983465, 0.925246, 0.982667, 0.817462, 0.971917
30, 6, 0.9, 1, 1, 0.977019, 0.983465, 0.97448, 0.982667, 0.905685, 0.971917, 0.942471, 0.983465, 0.925246, 0.982667, 0.817462, 0.971917
30, 7, 0.9, 1, 1, 0.977019, 0.983465, 0.97448, 0.982667, 0.905685, 0.971917, 0.942471, 0.983465, 0.925246, 0.982667, 0.817462, 0.971917
30, 8, 0.9, 1, 1, 0.977019, 0.983465, 0.97448, 0.982667, 0.905685, 0.971917, 0.942471, 0.983465, 0.925246, 0.982667, 0.817462, 0.971917
30, 9, 0.9, 1, 1, 0.977019, 0.983465, 0.97448, 0.982667, 0.905685, 0.971917, 0.942471, 0.983465, 0.925246, 0.982667, 0.817462, 0.971917
30, 10, 0.9, 1, 1, 0.977019, 0.983465, 0.97448, 0.982667, 0.905685, 0.971917, 0.942471, 0.983465, 0.925246, 0.982667, 0.817462, 0.971917
30, 11, 0.9, 1, 1, 0.977019, 0.983465, 0.97448, 0.982667, 0.905685, 0.971917, 0.942471, 0.983465, 0.925246, 0.982667, 0.817462, 0.971917
30, 12, 0.9, 1, 1, 0.977019, 0.983465, 0.97448, 0.982667, 0.905685, 0.971917, 0.942471, 0.983465, 0.925246, 0.982667, 0.817462, 0.971917
30, 13, 0.9, 1, 1, 0.977019, 0.983465, 0.97448, 0.982667, 0.905685, 0.971917, 0.942471, 0.983465, 0.925246, 0.982667, 0.817462, 0.971917
30, 14, 0.9, 1, 0.999999, 0.977019, 0.983465, 0.97448, 0.982667, 0.905685, 0.971917, 0.942471, 0.983465, 0.925246, 0.982667, 0.817462, 0.971917
30, 15, 0.9, 1, 0.999996, 0.977019, 0.983465, 0.97448, 0.982667, 0.905685, 0.971917, 0.942471, 0.983465, 0.925246, 0.982667, 0.817462, 0.971917
30, 16, 0.9, 0.999999, 0.999982, 0.977019, 0.983465, 0.97448, 0.982667, 0.905685, 0.971917, 0.942471, 0.983465, 0.925246, 0.982667, 0.817462, 0.971917
30, 17, 0.9, 0.999991, 0.999926, 0.977019, 0.983465, 0.97448, 0.982667, 0.905685, 0.971917, 0.942471, 0.983465, 0.925246, 0.982667, 0.817462, 0.971917
30, 18, 0.898, 0.999954, 0.999727, 0.977019, 0.983465, 0.97448, 0.982667, 0.905685, 0.971917, 0.942471, 0.983465, 0.925246, 0.982667, 0.817462, 0.971917
30, 19, 0.9, 0.999816, 0.998935, 0.977019, 0.983465, 0.97448, 0.982667, 0.905685, 0.971917, 0.942471, 0.983465, 0.925246, 0.982667, 0.817462, 0.971917
30, 20, 0.9, 0.999275, 0.996137, 0.977019, 0.983465, 0.97448, 0.982667, 0.905685, 0.971917, 0.942471, 0.983465, 0.925246, 0.982667, 0.817462, 0.971917
30, 21, 0.888, 0.997191, 0.984715, 0.977019, 0.983465, 0.97448, 0.982667, 0.905685, 0.971917, 0.942471, 0.983465, 0.925246, 0.982667, 0.817462, 0.971917
30, 22, 0.876, 0.990338, 0.929326, 0.977019, 0.983465, 0.97448, 0.982667, 0.905685, 0.971917, 0.942471, 0.983465, 0.925246, 0.982667, 0.817462, 0.971917
32, 4, 0.64, 0.674146, -0.728642, 0.977019, 0.983465, 0.97448, 0.982667, 0.905685, 0.971917, 0.942471, 0.983465, 0.925246, 0.982667, 0.817462, 0.971917
32, 5, 0.896, 0.992841, 0.138589, 0.977019, 0.983465, 0.97448, 0.982667, 0.905685, 0.971917, 0.942471, 0.983465, 0.925246, 0.982667, 0.817462, 0.971917
32, 6, 0.9, 1, 1, 0.977019, 0.983465, 0.97448, 0.982667, 0.905685, 0.971917, 0.942471, 0.983465, 0.925246, 0.982667, 0.817462, 0.971917
32, 7, 0.9, 1, 1, 0.977019, 0.983465, 0.97448, 0.982667, 0.905685, 0.971917, 0.942471, 0.983465, 0.925246, 0.982667, 0.817462, 0.971917
32, 8, 0.9, 1, 1, 0.977019, 0.983465, 0.97448, 0.982667, 0.905685, 0.971917, 0.942471, 0.983465, 0.925246, 0.982667, 0.817462, 0.971917
32, 9, 0.9, 1, 1, 0.977019, 0.983465, 0.97448, 0.982667, 0.905685, 0.971917, 0.942471, 0.983465, 0.925246, 0.982667, 0.817462, 0.971917
32, 10, 0.9, 1, 1, 0.977019, 0.983465, 0.97448, 0.982667, 0.905685, 0.971917, 0.942471, 0.983465, 0.925246, 0.982667, 0.817462, 0.971917
32, 11, 0.9, 1, 1, 0.977019, 0.983465, 0.97448, 0.982667, 0.905685, 0.971917, 0.942471, 0.983465, 0.925246, 0.982667, 0.817462, 0.971917
32, 12, 0.9, 1, 1, 0.977019, 0.983465, 0.97448, 0.982667, 0.905685, 0.971917, 0.942471, 0.983465, 0.925246, 0.982667, 0.817462, 0.971917
32, 13, 0.9, 1, 1, 0.977019, 0.983465, 0.97448, 0.982667, 0.905685, 0.971917, 0.942471, 0.983465, 0.925246, 0.982667, 0.817462, 0.971917
32, 14, 0.9, 1, 1, 0.977019, 0.983465, 0.97448, 0.982667, 0.905685, 0.971917, 0.942471, 0.983465, 0.925246, 0.982667, 0.817462, 0.971917
32, 15, 0.9, 1, 1, 0.977019, 0.983465, 0.97448, 0.982667, 0.905685, 0.971917, 0.942471, 0.983465, 0.925246, 0.982667, 0.817462, 0.971917
32, 16, 0.9, 1, 0.999999, 0.977019, 0.983465, 0.97448, 0.982667, 0.905685, 0.971917, 0.942471, 0.983465, 0.925246, 0.982667, 0.817462, 0.971917
32, 17, 0.9, 1, 0.999996, 0.977019, 0.983465, 0.97448, 0.982667, 0.905685, 0.971917, 0.942471, 0.983465, 0.925246, 0.982667, 0.817462, 0.971917
32, 18, 0.9, 0.999999, 0.999982, 0.977019, 0.983465, 0.97448, 0.982667, 0.905685, 0.971917, 0.942471, 0.983465, 0.925246, 0.982667, 0.817462, 0.971917
32, 19, 0.9, 0.999991, 0.999926, 0.977019, 0.983465, 0.97448, 0.982667, 0.905685, 0.971917, 0.942471, 0.983465, 0.925246, 0.982667, 0.817462, 0.971917
32, 20, 0.898, 0.999954, 0.999727, 0.977019, 0.983465, 0.97448, 0.982667, 0.905685, 0.971917, 0.942471, 0.983465, 0.925246, 0.982667, 0.817462, 0.971917
32, 21, 0.9, 0.999816, 0.998935, 0.977019, 0.983465, 0.97448, 0.982667, 0.905685, 0.971917, 0.942471, 0.983465, 0.925246, 0.982667, 0.817462, 0.971917
32, 22, 0.9, 0.999275, 0.996137, 0.977019, 0.983465, 0.97448, 0.982667, 0.905685, 0.971917, 0.942471, 0.983465, 0.925246, 0.982667, 0.817462, 0.971917
32, 23, 0.888, 0.997191, 0.984715, 0.977019, 0.983465, 0.97448, 0.982667, 0.905685, 0.971917, 0.942471, 0.983465, 0.925246, 0.982667, 0.817462, 0.971917
32, 24, 0.876, 0.990338, 0.929326, 0.977019, 0.983465, 0.97448, 0.982667, 0.905685, 0.971917, 0.942471, 0.983465, 0.925246, 0.982667, 0.817462, 0.971917
